Rank,Title,Year,Rating,Votes,Directors,Writers,Actors,Genres,Runtime_Minutes,URL
1,The Shawshank Redemption,1994-10-14,9.3,3095734,Frank Darabont,"Stephen King, Frank Darabont","Tim Robbins, Morgan Freeman, Bob Gunton",Drama,142,https://www.imdb.com/title/tt0111161/
2,The Godfather,1972-03-24,9.2,2157843,Francis Ford Coppola,"Mario Puzo, Francis Ford Coppola","Marlon Brando, Al Pacino, James Caan","Crime, Drama",175,https://www.imdb.com/title/tt0068646/
3,The Dark Knight,2008-07-18,9.1,3070918,Christopher Nolan,"Jonathan Nolan, Christopher Nolan, David S. Goyer","Christian Bale, Heath Ledger, Aaron Eckhart","Action, Crime, Drama",152,https://www.imdb.com/title/tt0468569/
4,The Godfather Part II,1974-12-18,9.0,1450380,Francis Ford Coppola,"Francis Ford Coppola, Mario Puzo","Al Pacino, Robert De Niro, Robert Duvall","Crime, Drama",202,https://www.imdb.com/title/tt0071562/
5,12 Angry Men,1957-04-10,9.0,947224,Sidney Lumet,Reginald Rose,"Henry Fonda, Lee J. Cobb, Martin Balsam","Crime, Drama",96,https://www.imdb.com/title/tt0050083/
6,The Lord of the Rings: The Return of the King,2003-12-17,9.0,2105540,Peter Jackson,"J.R.R. Tolkien, Fran Walsh, Philippa Boyens","Elijah Wood, Viggo Mortensen, Ian McKellen","Adventure, Drama, Fantasy",201,https://www.imdb.com/title/tt0167260/
7,Schindler&apos;s List,1994-02-04,9.0,1544372,Steven Spielberg,"Thomas Keneally, Steven Zaillian","Liam Neeson, Ralph Fiennes, Ben Kingsley","Biography, Drama, History",195,https://www.imdb.com/title/tt0108052/
8,Pulp Fiction,1994-10-14,8.8,2367348,Quentin Tarantino,"Quentin Tarantino, Roger Avary","John Travolta, Uma Thurman, Samuel L. Jackson","Crime, Drama",154,https://www.imdb.com/title/tt0110912/
9,The Lord of the Rings: The Fellowship of the Ring,2001-12-19,8.9,2138863,Peter Jackson,"J.R.R. Tolkien, Fran Walsh, Philippa Boyens","Elijah Wood, Ian McKellen, Orlando Bloom","Adventure, Drama, Fantasy",178,https://www.imdb.com/title/tt0120737/
10,"Il buono, il brutto, il cattivo",1967-12-29,8.8,867256,Sergio Leone,"Luciano Vincenzoni, Sergio Leone, Agenore Incrocci","Clint Eastwood, Eli Wallach, Lee Van Cleef","Adventure, Drama, Western",178,https://www.imdb.com/title/tt0060196/
11,Forrest Gump,1994-07-06,8.8,2417486,Robert Zemeckis,"Winston Groom, Eric Roth","Tom Hanks, Robin Wright, Gary Sinise","Drama, Romance",142,https://www.imdb.com/title/tt0109830/
12,The Lord of the Rings: The Two Towers,2002-12-18,8.8,1899381,Peter Jackson,"J.R.R. Tolkien, Fran Walsh, Philippa Boyens","Elijah Wood, Ian McKellen, Viggo Mortensen","Adventure, Drama, Fantasy",179,https://www.imdb.com/title/tt0167261/
13,Fight Club,1999-10-15,8.8,2512220,David Fincher,"Chuck Palahniuk, Jim Uhls","Brad Pitt, Edward Norton, Meat Loaf","Crime, Drama, Thriller",139,https://www.imdb.com/title/tt0137523/
14,Inception,2010-07-16,8.8,2727817,Christopher Nolan,Christopher Nolan,"Leonardo DiCaprio, Joseph Gordon-Levitt, Elliot Page","Action, Adventure, Sci-Fi",148,https://www.imdb.com/title/tt1375666/
15,Star Wars: Episode V - The Empire Strikes Back,1980-06-18,8.7,1464114,Irvin Kershner,"Leigh Brackett, Lawrence Kasdan, George Lucas","Mark Hamill, Harrison Ford, Carrie Fisher","Action, Adventure, Fantasy",124,https://www.imdb.com/title/tt0080684/
16,The Matrix,1999-03-31,8.7,2185234,"Lana Wachowski, Lilly Wachowski","Lilly Wachowski, Lana Wachowski","Keanu Reeves, Laurence Fishburne, Carrie-Anne Moss","Action, Sci-Fi",136,https://www.imdb.com/title/tt0133093/
17,GoodFellas,1990-09-21,8.7,1347436,Martin Scorsese,"Nicholas Pileggi, Martin Scorsese","Robert De Niro, Ray Liotta, Joe Pesci","Biography, Crime, Drama",145,https://www.imdb.com/title/tt0099685/
18,Interstellar,2014-11-07,8.7,2402306,Christopher Nolan,"Jonathan Nolan, Christopher Nolan","Matthew McConaughey, Anne Hathaway, Jessica Chastain","Adventure, Drama, Sci-Fi",169,https://www.imdb.com/title/tt0816692/
19,One Flew Over the Cuckoo&apos;s Nest,1975-11-21,8.7,1130459,Milos Forman,"Lawrence Hauben, Bo Goldman, Ken Kesey","Jack Nicholson, Louise Fletcher, Michael Berryman",Drama,133,https://www.imdb.com/title/tt0073486/
20,Se7en,1995-09-22,8.6,1947057,David Fincher,Andrew Kevin Walker,"Morgan Freeman, Brad Pitt, Kevin Spacey","Crime, Drama, Mystery",127,https://www.imdb.com/title/tt0114369/
21,It&apos;s a Wonderful Life,1947-01-07,8.6,533940,Frank Capra,"Frances Goodrich, Albert Hackett, Frank Capra","James Stewart, Donna Reed, Lionel Barrymore","Drama, Family, Fantasy",130,https://www.imdb.com/title/tt0038650/
22,The Silence of the Lambs,1991-02-14,8.6,1661114,Jonathan Demme,"Thomas Harris, Ted Tally","Jodie Foster, Anthony Hopkins, Scott Glenn","Crime, Drama, Horror",118,https://www.imdb.com/title/tt0102926/
23,Shichinin no samurai,1956-11-19,8.6,390271,Akira Kurosawa,"Akira Kurosawa, Shinobu Hashimoto, Hideo Oguni","Toshirô Mifune, Takashi Shimura, Keiko Tsushima","Action, Drama",207,https://www.imdb.com/title/tt0047478/
24,Saving Private Ryan,1998-07-24,8.6,1591544,Steven Spielberg,Robert Rodat,"Tom Hanks, Matt Damon, Tom Sizemore","Drama, War",169,https://www.imdb.com/title/tt0120815/
25,The Green Mile,1999-12-10,8.6,1509964,Frank Darabont,"Stephen King, Frank Darabont","Tom Hanks, Michael Clarke Duncan, David Morse","Crime, Drama, Fantasy",189,https://www.imdb.com/title/tt0120689/
26,Cidade de Deus,2004-02-13,8.6,848446,"Fernando Meirelles, Kátia Lund","Bráulio Mantovani, Paulo Lins","Alexandre Rodrigues, Leandro Firmino, Matheus Nachtergaele","Crime, Drama",130,https://www.imdb.com/title/tt0317248/
27,La vita è bella,1997-12-20,8.6,789401,Roberto Benigni,"Vincenzo Cerami, Roberto Benigni","Roberto Benigni, Nicoletta Braschi, Giorgio Cantarini","Comedy, Drama, Romance",116,https://www.imdb.com/title/tt0118799/
28,Terminator 2: Judgment Day,1991-07-03,8.6,1249878,James Cameron,"James Cameron, William Wisher","Arnold Schwarzenegger, Linda Hamilton, Edward Furlong","Action, Adventure, Sci-Fi",137,https://www.imdb.com/title/tt0103064/
29,Star Wars,1977-05-25,8.6,1530676,George Lucas,George Lucas,"Mark Hamill, Harrison Ford, Carrie Fisher","Action, Adventure, Fantasy",121,https://www.imdb.com/title/tt0076759/
30,Back to the Future,1985-07-03,8.5,1400744,Robert Zemeckis,"Robert Zemeckis, Bob Gale","Michael J. Fox, Christopher Lloyd, Lea Thompson","Adventure, Comedy, Sci-Fi",116,https://www.imdb.com/title/tt0088763/
31,Sen to Chihiro no kamikakushi,2003-03-28,8.6,929307,Hayao Miyazaki,Hayao Miyazaki,"Daveigh Chase, Suzanne Pleshette, Miyu Irino","Animation, Adventure, Family",124,https://www.imdb.com/title/tt0245429/
32,The Pianist,2003-03-28,8.5,982696,Roman Polanski,"Ronald Harwood, Wladyslaw Szpilman","Adrien Brody, Thomas Kretschmann, Frank Finlay","Biography, Drama, Music",150,https://www.imdb.com/title/tt0253474/
33,Gladiator,2000-05-05,8.5,1791853,Ridley Scott,"David Franzoni, John Logan, William Nicholson","Russell Crowe, Joaquin Phoenix, Connie Nielsen","Action, Adventure, Drama",155,https://www.imdb.com/title/tt0172495/
34,Gisaengchung,2019-11-08,8.5,1097855,Bong Joon Ho,"Bong Joon Ho, Han Jin-won","Song Kang-ho, Lee Sun-kyun, Cho Yeo-jeong","Drama, Thriller",132,https://www.imdb.com/title/tt6751668/
35,Psycho,1960-09-08,8.5,762572,Alfred Hitchcock,"Joseph Stefano, Robert Bloch","Anthony Perkins, Janet Leigh, Vera Miles","Drama, Horror, Mystery",109,https://www.imdb.com/title/tt0054215/
36,The Lion King,1994-06-24,8.5,1221166,"Roger Allers, Rob Minkoff","Irene Mecchi, Jonathan Roberts, Linda Woolverton","Matthew Broderick, Jeremy Irons, James Earl Jones","Animation, Adventure, Drama",88,https://www.imdb.com/title/tt0110357/
37,Hotaru no haka,1989-07-26,8.5,361054,Isao Takahata,"Akiyuki Nosaka, Isao Takahata","Tsutomu Tatsumi, Ayano Shiraishi, Akemi Yamaguchi","Animation, Drama, War",88,https://www.imdb.com/title/tt0095327/
38,The Departed,2006-10-06,8.5,1510039,Martin Scorsese,"William Monahan, Alan Mak, Felix Chong","Leonardo DiCaprio, Matt Damon, Jack Nicholson","Crime, Drama, Thriller",151,https://www.imdb.com/title/tt0407887/
39,Whiplash,2014-10-15,8.5,1098163,Damien Chazelle,Damien Chazelle,"Miles Teller, J.K. Simmons, Melissa Benoist","Drama, Music",106,https://www.imdb.com/title/tt2582802/
40,Seppuku,1964-08-04,8.6,82830,Masaki Kobayashi,"Yasuhiko Takiguchi, Shinobu Hashimoto","Tatsuya Nakadai, Akira Ishihama, Shima Iwashita","Drama, Mystery",133,https://www.imdb.com/title/tt0056058/
41,The Prestige,2006-10-20,8.5,1538968,Christopher Nolan,"Jonathan Nolan, Christopher Nolan, Christopher Priest","Christian Bale, Hugh Jackman, Scarlett Johansson","Drama, Mystery, Sci-Fi",130,https://www.imdb.com/title/tt0482571/
42,American History X,1998-11-20,8.5,1244331,Tony Kaye,David McKenna,"Edward Norton, Edward Furlong, Beverly D&apos;Angelo","Crime, Drama",119,https://www.imdb.com/title/tt0120586/
43,Léon,1994-11-18,8.5,1318456,Luc Besson,Luc Besson,"Jean Reno, Gary Oldman, Natalie Portman","Action, Crime, Drama",110,https://www.imdb.com/title/tt0110413/
44,Spider-Man: Across the Spider-Verse,2023-06-02,8.5,479101,"Joaquim Dos Santos, Kemp Powers, Justin K. Thompson","Phil Lord, Christopher Miller, Dave Callaham","Shameik Moore, Hailee Steinfeld, Brian Tyree Henry","Animation, Action, Adventure",140,https://www.imdb.com/title/tt9362722/
45,Casablanca,1943-01-23,8.5,639511,Michael Curtiz,"Philip G. Epstein, Julius J. Epstein, Howard Koch","Humphrey Bogart, Ingrid Bergman, Paul Henreid","Drama, Romance, War",102,https://www.imdb.com/title/tt0034583/
46,Nuovo Cinema Paradiso,1990-02-23,8.5,306311,Giuseppe Tornatore,"Giuseppe Tornatore, Vanna Paoli","Philippe Noiret, Enzo Cannavale, Antonella Attili","Drama, Romance",174,https://www.imdb.com/title/tt0095765/
47,Intouchables,2011-11-02,8.5,993246,"Olivier Nakache, Éric Toledano","Olivier Nakache, Éric Toledano, Philippe Pozzo di Borgo","François Cluzet, Omar Sy, Anne Le Ny","Comedy, Drama",112,https://www.imdb.com/title/tt1675434/
48,The Usual Suspects,1995-08-16,8.5,1204982,Bryan Singer,Christopher McQuarrie,"Kevin Spacey, Gabriel Byrne, Chazz Palminteri","Crime, Drama, Mystery",106,https://www.imdb.com/title/tt0114814/
49,Alien,1979-06-22,8.5,1032356,Ridley Scott,"Dan O&apos;Bannon, Ronald Shusett","Sigourney Weaver, Tom Skerritt, John Hurt","Horror, Sci-Fi",117,https://www.imdb.com/title/tt0078748/
50,Modern Times,1936-02-25,8.5,276648,Charles Chaplin,Charles Chaplin,"Charles Chaplin, Paulette Goddard, Henry Bergman","Comedy, Drama, Romance",87,https://www.imdb.com/title/tt0027977/
51,Rear Window,1954-09-01,8.5,554254,Alfred Hitchcock,"John Michael Hayes, Cornell Woolrich","James Stewart, Grace Kelly, Wendell Corey","Drama, Mystery, Thriller",112,https://www.imdb.com/title/tt0047396/
52,Django Unchained,2012-12-25,8.5,1820474,Quentin Tarantino,Quentin Tarantino,"Jamie Foxx, Christoph Waltz, Leonardo DiCaprio",Western,165,https://www.imdb.com/title/tt1853728/
53,C&apos;era una volta il West,1969-07-04,8.5,373558,Sergio Leone,"Sergio Donati, Sergio Leone, Dario Argento","Henry Fonda, Charles Bronson, Claudia Cardinale","Drama, Western",166,https://www.imdb.com/title/tt0064116/
54,City Lights,1931-03-07,8.5,209516,Charles Chaplin,"Charles Chaplin, Harry Carr, Harry Crocker","Charles Chaplin, Virginia Cherrill, Florence Lee","Comedy, Drama, Romance",87,https://www.imdb.com/title/tt0021749/
55,Apocalypse Now,1979-08-15,8.4,751089,Francis Ford Coppola,"John Milius, Francis Ford Coppola, Michael Herr","Martin Sheen, Marlon Brando, Robert Duvall","Drama, Mystery, War",147,https://www.imdb.com/title/tt0078788/
56,WALL·E,2008-06-27,8.4,1279851,Andrew Stanton,"Andrew Stanton, Pete Docter, Jim Reardon","Ben Burtt, Elissa Knight, Jeff Garlin","Animation, Adventure, Family",98,https://www.imdb.com/title/tt0910970/
57,Memento,2001-05-25,8.4,1397635,Christopher Nolan,"Christopher Nolan, Jonathan Nolan","Guy Pearce, Carrie-Anne Moss, Joe Pantoliano","Drama, Mystery, Thriller",113,https://www.imdb.com/title/tt0209144/
58,Dune: Part Two,2024-03-01,8.5,664195,Denis Villeneuve,"Denis Villeneuve, Jon Spaihts, Frank Herbert","Timothée Chalamet, Zendaya, Rebecca Ferguson","Action, Adventure, Drama",166,https://www.imdb.com/title/tt15239678/
59,Raiders of the Lost Ark,1981-06-12,8.4,1086708,Steven Spielberg,"Lawrence Kasdan, George Lucas, Philip Kaufman","Harrison Ford, Karen Allen, Paul Freeman","Action, Adventure",115,https://www.imdb.com/title/tt0082971/
60,Avengers: Infinity War,2018-04-27,8.4,1316805,"Anthony Russo, Joe Russo","Christopher Markus, Stephen McFeely, Stan Lee","Robert Downey Jr., Chris Hemsworth, Mark Ruffalo","Action, Adventure, Sci-Fi",149,https://www.imdb.com/title/tt4154756/
61,Das Leben der Anderen,2007-03-30,8.4,432243,Florian Henckel von Donnersmarck,Florian Henckel von Donnersmarck,"Ulrich Mühe, Martina Gedeck, Sebastian Koch","Drama, Mystery, Thriller",137,https://www.imdb.com/title/tt0405094/
62,Sunset Blvd.,1950-08-04,8.4,252301,Billy Wilder,"Charles Brackett, Billy Wilder, D.M. Marshman Jr.","William Holden, Gloria Swanson, Erich von Stroheim","Drama, Film-Noir",110,https://www.imdb.com/title/tt0043014/
63,Spider-Man: Into the Spider-Verse,2018-12-14,8.4,750594,"Bob Persichetti, Peter Ramsey, Rodney Rothman","Phil Lord, Rodney Rothman","Shameik Moore, Jake Johnson, Hailee Steinfeld","Animation, Action, Adventure",117,https://www.imdb.com/title/tt4633694/
64,Witness for the Prosecution,1958-02-06,8.4,153345,Billy Wilder,"Agatha Christie, Billy Wilder, Harry Kurnitz","Tyrone Power, Marlene Dietrich, Charles Laughton","Crime, Drama, Mystery",116,https://www.imdb.com/title/tt0051201/
65,Paths of Glory,1957-12-25,8.4,229900,Stanley Kubrick,"Stanley Kubrick, Calder Willingham, Jim Thompson","Kirk Douglas, Ralph Meeker, Adolphe Menjou","Drama, War",88,https://www.imdb.com/title/tt0050825/
66,The Shining,1980-06-13,8.4,1184002,Stanley Kubrick,"Stephen King, Stanley Kubrick, Diane Johnson","Jack Nicholson, Shelley Duvall, Danny Lloyd","Drama, Horror",146,https://www.imdb.com/title/tt0081505/
67,The Great Dictator,1941-03-07,8.4,251566,Charles Chaplin,Charles Chaplin,"Charles Chaplin, Paulette Goddard, Jack Oakie","Comedy, Drama, War",125,https://www.imdb.com/title/tt0032553/
68,Inglourious Basterds,2009-08-21,8.4,1715108,Quentin Tarantino,Quentin Tarantino,"Brad Pitt, Diane Kruger, Eli Roth","Adventure, Drama, War",153,https://www.imdb.com/title/tt0361748/
69,12th Fail,2023-10-27,8.7,155681,Vidhu Vinod Chopra,"Vidhu Vinod Chopra, Jaskunwar Kohli, Anurag Pathak","Vikrant Massey, Medha Shankr, Anant Joshi","Biography, Drama",147,https://www.imdb.com/title/tt23849204/
70,Aliens,1986-07-18,8.4,819384,James Cameron,"James Cameron, David Giler, Walter Hill","Sigourney Weaver, Michael Biehn, Carrie Henn","Action, Adventure, Horror",137,https://www.imdb.com/title/tt0090605/
71,The Dark Knight Rises,2012-07-20,8.4,1940316,Christopher Nolan,"Jonathan Nolan, Christopher Nolan, David S. Goyer","Christian Bale, Tom Hardy, Anne Hathaway","Action, Crime, Drama",164,https://www.imdb.com/title/tt1345836/
72,Coco,2017-11-22,8.4,667447,"Lee Unkrich, Adrian Molina","Lee Unkrich, Jason Katz, Matthew Aldrich","Anthony Gonzalez, Gael García Bernal, Benjamin Bratt","Animation, Adventure, Drama",105,https://www.imdb.com/title/tt2380307/
73,Amadeus,1984-09-19,8.4,454360,Milos Forman,"Peter Shaffer, Zdenek Mahler","F. Murray Abraham, Tom Hulce, Elizabeth Berridge","Biography, Drama, Music",160,https://www.imdb.com/title/tt0086879/
74,Avengers: Endgame,2019-04-26,8.4,1386839,"Anthony Russo, Joe Russo","Christopher Markus, Stephen McFeely, Stan Lee","Robert Downey Jr., Chris Evans, Mark Ruffalo","Action, Adventure, Sci-Fi",181,https://www.imdb.com/title/tt4154796/
75,Good Will Hunting,1998-01-09,8.3,1160092,Gus Van Sant,"Matt Damon, Ben Affleck","Robin Williams, Matt Damon, Ben Affleck","Drama, Romance",126,https://www.imdb.com/title/tt0119217/
76,Toy Story,1995-11-22,8.3,1139457,John Lasseter,"John Lasseter, Pete Docter, Andrew Stanton","Tom Hanks, Tim Allen, Don Rickles","Animation, Adventure, Comedy",81,https://www.imdb.com/title/tt0114709/
77,Tengoku to jigoku,1963-11-26,8.4,63577,Akira Kurosawa,"Hideo Oguni, Ryûzô Kikushima, Eijirô Hisaita","Toshirô Mifune, Yutaka Sada, Tatsuya Nakadai","Crime, Drama, Mystery",143,https://www.imdb.com/title/tt0057565/
78,Oldeuboi,2003-11-21,8.3,692499,Park Chan-wook,"Garon Tsuchiya, Nobuaki Minegishi, Park Chan-wook","Choi Min-sik, Yoo Ji-tae, Kang Hye-jeong","Action, Drama, Mystery",120,https://www.imdb.com/title/tt0364569/
79,Dr. Strangelove or: How I Learned to Stop Worrying and Love the Bomb,1964-01-29,8.3,542863,Stanley Kubrick,"Stanley Kubrick, Terry Southern, Peter George","Peter Sellers, George C. Scott, Sterling Hayden","Comedy, War",95,https://www.imdb.com/title/tt0057012/
80,Das Boot,1982-02-10,8.4,282005,Wolfgang Petersen,"Wolfgang Petersen, Lothar G. Buchheim","Jürgen Prochnow, Herbert Grönemeyer, Klaus Wennemann","Drama, War",149,https://www.imdb.com/title/tt0082096/
81,Braveheart,1995-05-24,8.3,1140106,Mel Gibson,Randall Wallace,"Mel Gibson, Sophie Marceau, Patrick McGoohan","Biography, Drama, War",178,https://www.imdb.com/title/tt0112573/
82,Kimi no na wa.,2017-04-07,8.4,369163,Makoto Shinkai,Makoto Shinkai,"Ryûnosuke Kamiki, Mone Kamishiraishi, Ryo Narita","Animation, Drama, Fantasy",106,https://www.imdb.com/title/tt5311514/
83,Mononoke-hime,1997-07-12,8.3,468143,Hayao Miyazaki,Hayao Miyazaki,"Yôji Matsuda, Yuriko Ishida, Yûko Tanaka","Animation, Adventure, Fantasy",133,https://www.imdb.com/title/tt0119698/
84,American Beauty,1999-10-01,8.3,1259831,Sam Mendes,Alan Ball,"Kevin Spacey, Annette Bening, Thora Birch",Drama,122,https://www.imdb.com/title/tt0169547/
85,3 Idiots,2009-12-25,8.4,467135,Rajkumar Hirani,"Abhijat Joshi, Rajkumar Hirani, Vidhu Vinod Chopra","Aamir Khan, Madhavan, Mona Singh","Comedy, Drama",170,https://www.imdb.com/title/tt1187043/
86,Joker,2019-10-04,8.3,1638658,Todd Phillips,"Todd Phillips, Scott Silver, Bob Kane","Joaquin Phoenix, Robert De Niro, Zazie Beetz","Crime, Drama, Thriller",122,https://www.imdb.com/title/tt7286456/
87,Capharnaüm,2018-09-20,8.4,118859,Nadine Labaki,"Nadine Labaki, Jihad Hojeily, Michelle Keserwany","Zain Al Rafeea, Yordanos Shiferaw, Boluwatife Treasure Bankole",Drama,126,https://www.imdb.com/title/tt8267604/
88,Once Upon a Time in America,1984-06-01,8.3,399715,Sergio Leone,"Harry Grey, Leonardo Benvenuti, Piero De Bernardi","Robert De Niro, James Woods, Elizabeth McGovern","Crime, Drama",229,https://www.imdb.com/title/tt0087843/
89,Singin&apos; in the Rain,1952-04-10,8.3,275873,"Stanley Donen, Gene Kelly","Betty Comden, Adolph Green","Gene Kelly, Donald O&apos;Connor, Debbie Reynolds","Comedy, Musical, Romance",103,https://www.imdb.com/title/tt0045152/
90,Idi i smotri,1985-09-03,8.3,115864,Elem Klimov,"Ales Adamovich, Elem Klimov","Aleksey Kravchenko, Olga Mironova, Liubomiras Laucevicius","Drama, Thriller, War",142,https://www.imdb.com/title/tt0091251/
91,Requiem for a Dream,2000-12-15,8.3,950574,Darren Aronofsky,"Hubert Selby Jr., Darren Aronofsky","Ellen Burstyn, Jared Leto, Jennifer Connelly",Drama,102,https://www.imdb.com/title/tt0180093/
92,Star Wars: Episode VI - Return of the Jedi,1983-05-25,8.3,1180525,Richard Marquand,"Lawrence Kasdan, George Lucas","Mark Hamill, Harrison Ford, Carrie Fisher","Action, Adventure, Fantasy",131,https://www.imdb.com/title/tt0086190/
93,Toy Story 3,2010-06-18,8.3,944307,Lee Unkrich,"John Lasseter, Andrew Stanton, Lee Unkrich","Tom Hanks, Tim Allen, Joan Cusack","Animation, Adventure, Comedy",103,https://www.imdb.com/title/tt0435761/
94,Jagten,2012-11-14,8.3,395192,Thomas Vinterberg,"Thomas Vinterberg, Tobias Lindholm","Mads Mikkelsen, Thomas Bo Larsen, Annika Wedderkopp",Drama,115,https://www.imdb.com/title/tt2106476/
95,Ikiru,1956-03-25,8.3,98724,Akira Kurosawa,"Akira Kurosawa, Shinobu Hashimoto, Hideo Oguni","Takashi Shimura, Nobuo Kaneko, Shin&apos;ichi Himori",Drama,143,https://www.imdb.com/title/tt0044741/
96,Eternal Sunshine of the Spotless Mind,2004-03-19,8.3,1151961,Michel Gondry,"Charlie Kaufman, Michel Gondry, Pierre Bismuth","Jim Carrey, Kate Winslet, Tom Wilkinson","Drama, Romance, Sci-Fi",108,https://www.imdb.com/title/tt0338013/
97,Incendies,2011-04-22,8.3,235907,Denis Villeneuve,"Wajdi Mouawad, Denis Villeneuve, Valérie Beaugrand-Champagne","Lubna Azabal, Mélissa Désormeaux-Poulin, Maxim Gaudette","Drama, Mystery, War",131,https://www.imdb.com/title/tt1255953/
98,The Apartment,1960-06-29,8.3,212168,Billy Wilder,"Billy Wilder, I.A.L. Diamond","Jack Lemmon, Shirley MacLaine, Fred MacMurray","Comedy, Drama, Romance",125,https://www.imdb.com/title/tt0053604/
99,Lawrence of Arabia,2013-04-02,8.3,333322,David Lean,"Robert Bolt, Michael Wilson","Peter O&apos;Toole, Alec Guinness, Anthony Quinn","Adventure, Biography, Drama",227,https://www.imdb.com/title/tt0056172/
100,2001: A Space Odyssey,1968-05-12,8.3,763253,Stanley Kubrick,"Stanley Kubrick, Arthur C. Clarke","Keir Dullea, Gary Lockwood, William Sylvester","Adventure, Sci-Fi",149,https://www.imdb.com/title/tt0062622/
101,Reservoir Dogs,1992-09-02,8.3,1145391,Quentin Tarantino,"Quentin Tarantino, Roger Avary","Harvey Keitel, Tim Roth, Michael Madsen","Crime, Thriller",99,https://www.imdb.com/title/tt0105236/
102,Scarface,1983-12-09,8.3,983652,Brian De Palma,"Oliver Stone, Howard Hawks, Ben Hecht","Al Pacino, Michelle Pfeiffer, Steven Bauer","Crime, Drama",170,https://www.imdb.com/title/tt0086250/
103,Heat,1995-12-15,8.3,772694,Michael Mann,Michael Mann,"Al Pacino, Robert De Niro, Val Kilmer","Action, Crime, Drama",170,https://www.imdb.com/title/tt0113277/
104,Double Indemnity,1944-07-06,8.3,176795,Billy Wilder,"Billy Wilder, Raymond Chandler, James M. Cain","Fred MacMurray, Barbara Stanwyck, Edward G. Robinson","Crime, Drama, Film-Noir",107,https://www.imdb.com/title/tt0036775/
105,North by Northwest,1959-12-18,8.3,363706,Alfred Hitchcock,Ernest Lehman,"Cary Grant, Eva Marie Saint, James Mason","Adventure, Drama, Mystery",136,https://www.imdb.com/title/tt0053125/
106,Up,2009-05-29,8.3,1200260,"Pete Docter, Bob Peterson","Pete Docter, Bob Peterson, Tom McCarthy","Edward Asner, Jordan Nagai, John Ratzenberger","Animation, Adventure, Comedy",96,https://www.imdb.com/title/tt1049413/
107,M - Eine Stadt sucht einen Mörder,1931-08-31,8.3,179088,Fritz Lang,"Thea von Harbou, Fritz Lang, Egon Jacobsohn","Peter Lorre, Ellen Widmann, Inge Landgut","Crime, Mystery, Thriller",99,https://www.imdb.com/title/tt0022100/
108,Citizen Kane,1941-09-05,8.2,485957,Orson Welles,"Herman J. Mankiewicz, Orson Welles, John Houseman","Orson Welles, Joseph Cotten, Dorothy Comingore","Drama, Mystery",119,https://www.imdb.com/title/tt0033467/
109,Full Metal Jacket,1987-07-10,8.2,832154,Stanley Kubrick,"Stanley Kubrick, Michael Herr, Gustav Hasford","Matthew Modine, R. Lee Ermey, Vincent D&apos;Onofrio","Drama, War",116,https://www.imdb.com/title/tt0093058/
110,Vertigo,1958-05-28,8.2,450341,Alfred Hitchcock,"Alec Coppel, Samuel A. Taylor, Pierre Boileau","James Stewart, Kim Novak, Barbara Bel Geddes","Mystery, Romance, Thriller",128,https://www.imdb.com/title/tt0052357/
111,Le fabuleux destin d&apos;Amélie Poulain,2002-02-08,8.3,825383,Jean-Pierre Jeunet,"Guillaume Laurant, Jean-Pierre Jeunet","Audrey Tautou, Mathieu Kassovitz, Rufus","Comedy, Romance",122,https://www.imdb.com/title/tt0211915/
112,Taare Zameen Par,2007-12-21,8.3,223858,Aamir Khan,Amole Gupte,"Darsheel Safary, Aamir Khan, Tisca Chopra","Drama, Family",162,https://www.imdb.com/title/tt0986264/
113,Jodaeiye Nader az Simin,2011-03-16,8.3,272481,Asghar Farhadi,Asghar Farhadi,"Payman Maadi, Leila Hatami, Sareh Bayat",Drama,123,https://www.imdb.com/title/tt1832382/
114,To Kill a Mockingbird,1963-03-16,8.3,346118,Robert Mulligan,"Harper Lee, Horton Foote","Gregory Peck, John Megna, Frank Overton","Crime, Drama",129,https://www.imdb.com/title/tt0056592/
115,Die Hard,1988-07-20,8.2,1000511,John McTiernan,"Roderick Thorp, Jeb Stuart, Steven E. de Souza","Bruce Willis, Alan Rickman, Bonnie Bedelia","Action, Thriller",132,https://www.imdb.com/title/tt0095016/
116,Indiana Jones and the Last Crusade,1989-05-24,8.2,847397,Steven Spielberg,"Jeffrey Boam, George Lucas, Menno Meyjes","Harrison Ford, Sean Connery, Alison Doody","Action, Adventure",127,https://www.imdb.com/title/tt0097576/
117,The Sting,1973-12-25,8.2,293168,George Roy Hill,David S. Ward,"Paul Newman, Robert Redford, Robert Shaw","Comedy, Crime, Drama",129,https://www.imdb.com/title/tt0070735/
118,A Clockwork Orange,1972-02-02,8.2,920094,Stanley Kubrick,"Stanley Kubrick, Anthony Burgess","Malcolm McDowell, Patrick Magee, Michael Bates","Crime, Sci-Fi",136,https://www.imdb.com/title/tt0066921/
119,Metropolis,1927-03-13,8.3,196688,Fritz Lang,"Thea von Harbou, Fritz Lang","Brigitte Helm, Alfred Abel, Gustav Fröhlich","Drama, Sci-Fi",153,https://www.imdb.com/title/tt0017136/
120,Snatch,2001-01-19,8.2,956033,Guy Ritchie,Guy Ritchie,"Jason Statham, Brad Pitt, Stephen Graham","Comedy, Crime",102,https://www.imdb.com/title/tt0208092/
121,Oppenheimer,2023-07-21,8.3,935825,Christopher Nolan,"Christopher Nolan, Kai Bird, Martin Sherwin","Cillian Murphy, Emily Blunt, Matt Damon","Biography, Drama, History",180,https://www.imdb.com/title/tt15398776/
122,1917,2020-01-10,8.2,742547,Sam Mendes,"Sam Mendes, Krysty Wilson-Cairns","Dean-Charles Chapman, George MacKay, Daniel Mays","Action, Drama, War",119,https://www.imdb.com/title/tt8579674/
123,L.A. Confidential,1997-09-19,8.2,647403,Curtis Hanson,"James Ellroy, Brian Helgeland, Curtis Hanson","Kevin Spacey, Russell Crowe, Guy Pearce","Crime, Drama, Mystery",138,https://www.imdb.com/title/tt0119488/
124,Der Untergang,2005-04-08,8.2,392707,Oliver Hirschbiegel,"Bernd Eichinger, Joachim Fest, Traudl Junge","Bruno Ganz, Alexandra Maria Lara, Ulrich Matthes","Biography, Drama, History",156,https://www.imdb.com/title/tt0363163/
125,Ladri di biciclette,1949-12-13,8.2,188177,Vittorio De Sica,"Cesare Zavattini, Luigi Bartolini, Oreste Biancoli","Lamberto Maggiorani, Enzo Staiola, Lianella Carell",Drama,89,https://www.imdb.com/title/tt0040522/
126,Dangal,2016-12-21,8.3,231851,Nitesh Tiwari,"Piyush Gupta, Shreyas Jain, Nikhil Mehrotra","Aamir Khan, Sakshi Tanwar, Fatima Sana Shaikh","Action, Biography, Drama",161,https://www.imdb.com/title/tt5074352/
127,The Wolf of Wall Street,2013-12-25,8.2,1718443,Martin Scorsese,"Terence Winter, Jordan Belfort","Leonardo DiCaprio, Jonah Hill, Margot Robbie","Biography, Comedy, Crime",180,https://www.imdb.com/title/tt0993846/
128,Green Book,2018-11-16,8.2,652549,Peter Farrelly,"Nick Vallelonga, Brian Hayes Currie, Peter Farrelly","Viggo Mortensen, Mahershala Ali, Linda Cardellini","Biography, Comedy, Drama",130,https://www.imdb.com/title/tt6966692/
129,Hababam Sinifi: Sinifta Kaldi,N/A,8.6,28119,Ertem Egilmez,"Sadik Sendil, Rifat Ilgaz","Münir Özkul, Tarik Akan, Kemal Sunal",Comedy,95,https://www.imdb.com/title/tt0252488/
130,The Truman Show,1998-06-05,8.2,1313519,Peter Weir,Andrew Niccol,"Jim Carrey, Ed Harris, Laura Linney","Comedy, Drama",103,https://www.imdb.com/title/tt0120382/
131,Hamilton,2020-07-03,8.3,132133,Thomas Kail,"Lin-Manuel Miranda, Ron Chernow","Lin-Manuel Miranda, Phillipa Soo, Leslie Odom Jr.","Biography, Drama, History",160,https://www.imdb.com/title/tt8503618/
132,Taxi Driver,1976-02-09,8.2,994902,Martin Scorsese,Paul Schrader,"Robert De Niro, Jodie Foster, Cybill Shepherd","Crime, Drama",114,https://www.imdb.com/title/tt0075314/
133,Batman Begins,2005-06-15,8.2,1669340,Christopher Nolan,"Bob Kane, David S. Goyer, Christopher Nolan","Christian Bale, Michael Caine, Ken Watanabe","Action, Crime, Drama",140,https://www.imdb.com/title/tt0372784/
134,Per qualche dollaro in più,1967-05-10,8.2,292999,Sergio Leone,"Sergio Leone, Fulvio Morsella, Luciano Vincenzoni","Clint Eastwood, Lee Van Cleef, Gian Maria Volontè","Drama, Western",132,https://www.imdb.com/title/tt0059578/
135,Judgment at Nuremberg,1961-12-18,8.3,93480,Stanley Kramer,"Abby Mann, Montgomery Clift","Spencer Tracy, Burt Lancaster, Richard Widmark","Drama, History, War",179,https://www.imdb.com/title/tt0055031/
136,Shutter Island,2010-02-19,8.2,1578923,Martin Scorsese,"Laeta Kalogridis, Dennis Lehane","Leonardo DiCaprio, Emily Mortimer, Mark Ruffalo","Drama, Mystery, Thriller",138,https://www.imdb.com/title/tt1130884/
137,Some Like It Hot,1959-03-19,8.2,298702,Billy Wilder,"Billy Wilder, I.A.L. Diamond, Robert Thoeren","Marilyn Monroe, Tony Curtis, Jack Lemmon","Comedy, Music, Romance",121,https://www.imdb.com/title/tt0053291/
138,Jurassic Park,1993-06-11,8.2,1143498,Steven Spielberg,"Michael Crichton, David Koepp","Sam Neill, Laura Dern, Jeff Goldblum","Action, Adventure, Sci-Fi",127,https://www.imdb.com/title/tt0107290/
139,The Kid,1921-02-06,8.2,142902,Charles Chaplin,Charles Chaplin,"Charles Chaplin, Edna Purviance, Jackie Coogan","Comedy, Drama, Family",68,https://www.imdb.com/title/tt0012349/
140,The Father,2021-02-26,8.2,218877,Florian Zeller,"Christopher Hampton, Florian Zeller","Anthony Hopkins, Olivia Colman, Mark Gatiss","Drama, Mystery",97,https://www.imdb.com/title/tt10272386/
141,There Will Be Blood,2008-01-25,8.2,682012,Paul Thomas Anderson,"Paul Thomas Anderson, Upton Sinclair","Daniel Day-Lewis, Paul Dano, Ciarán Hinds",Drama,158,https://www.imdb.com/title/tt0469494/
142,All About Eve,1950-10-27,8.2,146425,Joseph L. Mankiewicz,"Joseph L. Mankiewicz, Mary Orr","Bette Davis, Anne Baxter, George Sanders",Drama,138,https://www.imdb.com/title/tt0042192/
143,The Sixth Sense,1999-08-06,8.2,1113505,M. Night Shyamalan,M. Night Shyamalan,"Bruce Willis, Haley Joel Osment, Toni Collette","Drama, Mystery, Thriller",107,https://www.imdb.com/title/tt0167404/
144,Ran,1985-06-01,8.2,146764,Akira Kurosawa,"Akira Kurosawa, Hideo Oguni, Masato Ide","Tatsuya Nakadai, Akira Terao, Jinpachi Nezu","Action, Drama, War",160,https://www.imdb.com/title/tt0089881/
145,Casino,1995-11-22,8.2,601461,Martin Scorsese,"Nicholas Pileggi, Martin Scorsese","Robert De Niro, Sharon Stone, Joe Pesci","Crime, Drama",178,https://www.imdb.com/title/tt0112641/
146,Top Gun: Maverick,2022-05-27,8.2,802228,Joseph Kosinski,"Jim Cash, Jack Epps Jr., Peter Craig","Tom Cruise, Jennifer Connelly, Miles Teller","Action, Drama",130,https://www.imdb.com/title/tt1745960/
147,No Country for Old Men,2007-11-21,8.2,1145473,"Ethan Coen, Joel Coen","Joel Coen, Ethan Coen, Cormac McCarthy","Tommy Lee Jones, Javier Bardem, Josh Brolin","Crime, Drama, Thriller",122,https://www.imdb.com/title/tt0477348/
148,The Thing,1982-06-25,8.2,507291,John Carpenter,"Bill Lancaster, John W. Campbell Jr.","Kurt Russell, Wilford Brimley, Keith David","Horror, Mystery, Sci-Fi",109,https://www.imdb.com/title/tt0084787/
149,Unforgiven,1992-08-07,8.2,459427,Clint Eastwood,David Webb Peoples,"Clint Eastwood, Gene Hackman, Morgan Freeman","Drama, Western",130,https://www.imdb.com/title/tt0105695/
150,El laberinto del fauno,2007-01-19,8.2,731694,Guillermo del Toro,Guillermo del Toro,"Ivana Baquero, Ariadna Gil, Sergi López","Drama, Fantasy, War",118,https://www.imdb.com/title/tt0457430/
151,Kill Bill: Vol. 1,2003-10-10,8.2,1267069,Quentin Tarantino,"Quentin Tarantino, Uma Thurman","Uma Thurman, David Carradine, Daryl Hannah","Action, Crime, Thriller",111,https://www.imdb.com/title/tt0266697/
152,A Beautiful Mind,2002-01-04,8.2,1032470,Ron Howard,"Akiva Goldsman, Sylvia Nasar","Russell Crowe, Ed Harris, Jennifer Connelly","Biography, Drama, Mystery",135,https://www.imdb.com/title/tt0268978/
153,Prisoners,2013-09-20,8.2,892716,Denis Villeneuve,Aaron Guzikowski,"Hugh Jackman, Jake Gyllenhaal, Viola Davis","Crime, Drama, Mystery",153,https://www.imdb.com/title/tt1392214/
154,The Treasure of the Sierra Madre,1948-01-24,8.2,138871,John Huston,"John Huston, B. Traven","Humphrey Bogart, Walter Huston, Tim Holt","Adventure, Drama, Western",126,https://www.imdb.com/title/tt0040897/
155,Finding Nemo,2003-05-30,8.2,1175709,"Andrew Stanton, Lee Unkrich","Andrew Stanton, Bob Peterson, David Reynolds","Albert Brooks, Ellen DeGeneres, Alexander Gould","Animation, Adventure, Comedy",100,https://www.imdb.com/title/tt0266543/
156,Hauru no ugoku shiro,2005-06-17,8.2,493162,Hayao Miyazaki,"Hayao Miyazaki, Diana Wynne Jones","Chieko Baishô, Takuya Kimura, Tatsuya Gashûin","Animation, Adventure, Family",119,https://www.imdb.com/title/tt0347149/
157,Yôjinbô,1961-09-13,8.2,139776,Akira Kurosawa,"Akira Kurosawa, Ryûzô Kikushima","Toshirô Mifune, Eijirô Tôno, Tatsuya Nakadai","Action, Drama, Thriller",110,https://www.imdb.com/title/tt0055630/
158,La meglio gioventù,2003-06-20,8.4,26221,Marco Tullio Giordana,"Sandro Petraglia, Stefano Rulli","Luigi Lo Cascio, Alessio Boni, Jasmine Trinca","Drama, Romance",374,https://www.imdb.com/title/tt0346336/
159,The Great Escape,1963-07-04,8.2,271868,John Sturges,"Paul Brickhill, James Clavell, W.R. Burnett","Steve McQueen, James Garner, Richard Attenborough","Adventure, Drama, Thriller",172,https://www.imdb.com/title/tt0057115/
160,Monty Python and the Holy Grail,1975-07-18,8.2,593523,"Terry Gilliam, Terry Jones","Graham Chapman, John Cleese, Eric Idle","Graham Chapman, John Cleese, Eric Idle","Adventure, Comedy, Fantasy",91,https://www.imdb.com/title/tt0071853/
161,The Elephant Man,1980-10-10,8.2,276168,David Lynch,"Christopher De Vore, Eric Bergren, David Lynch","Anthony Hopkins, John Hurt, Anne Bancroft","Biography, Drama",124,https://www.imdb.com/title/tt0080678/
162,Klaus,2019-11-15,8.2,219454,"Sergio Pablos, Carlos Martínez López","Sergio Pablos, Jim Mahoney, Zach Lewis","Jason Schwartzman, J.K. Simmons, Rashida Jones","Animation, Adventure, Comedy",96,https://www.imdb.com/title/tt4729430/
163,Dial M for Murder,1954-05-29,8.2,200346,Alfred Hitchcock,Frederick Knott,"Ray Milland, Grace Kelly, Robert Cummings","Crime, Drama, Mystery",105,https://www.imdb.com/title/tt0046912/
164,Gone with the Wind,1940-01-17,8.2,350080,Victor Fleming,"Margaret Mitchell, Sidney Howard, Oliver H.P. Garrett","Clark Gable, Vivien Leigh, Thomas Mitchell","Drama, Romance, War",238,https://www.imdb.com/title/tt0031381/
165,El secreto de sus ojos,2010-05-21,8.2,236309,Juan José Campanella,"Eduardo Sacheri, Juan José Campanella","Ricardo Darín, Soledad Villamil, Pablo Rago","Drama, Mystery, Romance",129,https://www.imdb.com/title/tt1305806/
166,Chinatown,1974-06-20,8.1,369341,Roman Polanski,"Robert Towne, Roman Polanski","Jack Nicholson, Faye Dunaway, John Huston","Drama, Mystery, Thriller",130,https://www.imdb.com/title/tt0071315/
167,"Lock, Stock and Two Smoking Barrels",1998-08-28,8.1,640218,Guy Ritchie,Guy Ritchie,"Jason Flemyng, Dexter Fletcher, Nick Moran","Comedy, Crime",107,https://www.imdb.com/title/tt0120735/
168,V for Vendetta,2006-03-17,8.1,1225664,James McTeigue,"Lilly Wachowski, Lana Wachowski, David Lloyd","Hugo Weaving, Natalie Portman, Rupert Graves","Action, Drama, Sci-Fi",132,https://www.imdb.com/title/tt0434409/
169,Rashômon,1951-12-26,8.1,192025,Akira Kurosawa,"Ryûnosuke Akutagawa, Akira Kurosawa, Shinobu Hashimoto","Toshirô Mifune, Machiko Kyô, Masayuki Mori","Crime, Drama, Mystery",88,https://www.imdb.com/title/tt0042876/
170,Inside Out,2015-06-19,8.1,883495,"Pete Docter, Ronnie Del Carmen","Pete Docter, Ronnie Del Carmen, Meg LeFauve","Amy Poehler, Bill Hader, Lewis Black","Animation, Adventure, Comedy",95,https://www.imdb.com/title/tt2096673/
171,"Three Billboards Outside Ebbing, Missouri",2017-12-01,8.1,590789,Martin McDonagh,Martin McDonagh,"Frances McDormand, Woody Harrelson, Sam Rockwell","Comedy, Crime, Drama",115,https://www.imdb.com/title/tt5027774/
172,Catch Me If You Can,2002-12-25,8.1,1187336,Steven Spielberg,"Frank Abagnale Jr., Stan Redding, Jeff Nathanson","Leonardo DiCaprio, Tom Hanks, Christopher Walken","Biography, Crime, Drama",141,https://www.imdb.com/title/tt0264464/
173,Trainspotting,1996-08-09,8.1,756373,Danny Boyle,"Irvine Welsh, John Hodge","Ewan McGregor, Ewen Bremner, Jonny Lee Miller","Crime, Drama",93,https://www.imdb.com/title/tt0117951/
174,The Bridge on the River Kwai,1957-12-14,8.1,244589,David Lean,"Pierre Boulle, Carl Foreman, Michael Wilson","William Holden, Alec Guinness, Jack Hawkins","Adventure, Drama, War",161,https://www.imdb.com/title/tt0050212/
175,Raging Bull,1980-12-19,8.1,400419,Martin Scorsese,"Jake LaMotta, Joseph Carter, Peter Savage","Robert De Niro, Cathy Moriarty, Joe Pesci","Biography, Drama, Sport",129,https://www.imdb.com/title/tt0081398/
176,Harry Potter and the Deathly Hallows: Part 2,2011-07-15,8.1,1013093,David Yates,"Steve Kloves, J.K. Rowling","Daniel Radcliffe, Emma Watson, Rupert Grint","Adventure, Family, Fantasy",130,https://www.imdb.com/title/tt1201607/
177,Fargo,1996-04-05,8.1,764868,"Joel Coen, Ethan Coen","Ethan Coen, Joel Coen","William H. Macy, Frances McDormand, Steve Buscemi","Crime, Drama, Thriller",98,https://www.imdb.com/title/tt0116282/
178,The Wild Robot,2024-09-27,8.2,195791,Chris Sanders,"Chris Sanders, Peter Brown","Lupita Nyong&apos;o, Pedro Pascal, Kit Connor","Animation, Adventure, Family",102,https://www.imdb.com/title/tt29623480/
179,Warrior,2011-09-09,8.1,519624,Gavin O&apos;Connor,"Gavin O&apos;Connor, Anthony Tambakis, Cliff Dorfman","Tom Hardy, Nick Nolte, Joel Edgerton","Action, Drama, Sport",140,https://www.imdb.com/title/tt1291584/
180,Dead Poets Society,1989-06-09,8.1,609688,Peter Weir,Tom Schulman,"Robin Williams, Robert Sean Leonard, Ethan Hawke","Comedy, Drama",128,https://www.imdb.com/title/tt0097165/
181,Million Dollar Baby,2005-01-28,8.1,753089,Clint Eastwood,"Paul Haggis, F.X. Toole","Hilary Swank, Clint Eastwood, Morgan Freeman","Drama, Sport",132,https://www.imdb.com/title/tt0405159/
182,Gran Torino,2009-01-09,8.1,847113,Clint Eastwood,"Nick Schenk, Dave Johannson","Clint Eastwood, Bee Vang, Christopher Carley",Drama,116,https://www.imdb.com/title/tt1205489/
183,Ben-Hur,1959-11-18,8.1,266148,William Wyler,"Lew Wallace, Karl Tunberg, Gore Vidal","Charlton Heston, Jack Hawkins, Stephen Boyd","Adventure, Drama",212,https://www.imdb.com/title/tt0052618/
184,Mad Max: Fury Road,2015-05-15,8.1,1180620,George Miller,"George Miller, Brendan McCarthy, Nick Lathouris","Tom Hardy, Charlize Theron, Nicholas Hoult","Action, Adventure, Sci-Fi",120,https://www.imdb.com/title/tt1392190/
185,Barry Lyndon,1975-12-18,8.1,197263,Stanley Kubrick,"Stanley Kubrick, William Makepeace Thackeray","Ryan O&apos;Neal, Marisa Berenson, Patrick Magee","Adventure, Drama, War",185,https://www.imdb.com/title/tt0072684/
186,Tonari no Totoro,1990-07-13,8.1,415995,Hayao Miyazaki,Hayao Miyazaki,"Hitoshi Takagi, Noriko Hidaka, Chika Sakamoto","Animation, Adventure, Comedy",86,https://www.imdb.com/title/tt0096283/
187,Bacheha-ye aseman,1999-01-22,8.2,87394,Majid Majidi,Majid Majidi,"Reza Naji, Amir Farrokh Hashemian, Bahare Seddiqi","Drama, Family, Sport",89,https://www.imdb.com/title/tt0118849/
188,Hacksaw Ridge,2016-11-04,8.1,651993,Mel Gibson,"Robert Schenkkan, Andrew Knight","Andrew Garfield, Sam Worthington, Luke Bracey","Biography, Drama, History",139,https://www.imdb.com/title/tt2119532/
189,The Grand Budapest Hotel,2014-03-28,8.1,940183,Wes Anderson,"Stefan Zweig, Wes Anderson, Hugo Guinness","Ralph Fiennes, F. Murray Abraham, Mathieu Amalric","Comedy, Drama",99,https://www.imdb.com/title/tt2278388/
190,12 Years a Slave,2013-11-08,8.1,771634,Steve McQueen,"John Ridley, Solomon Northup","Chiwetel Ejiofor, Michael Kenneth Williams, Michael Fassbender","Biography, Drama, History",134,https://www.imdb.com/title/tt2024544/
191,Before Sunrise,1995-01-27,8.1,365519,Richard Linklater,"Richard Linklater, Kim Krizan","Ethan Hawke, Julie Delpy, Andrea Eckert","Comedy, Drama, Romance",101,https://www.imdb.com/title/tt0112471/
192,Spider-Man: No Way Home,2021-12-17,8.2,975806,Jon Watts,"Chris McKenna, Erik Sommers, Stan Lee","Tom Holland, Zendaya, Benedict Cumberbatch","Action, Adventure, Fantasy",148,https://www.imdb.com/title/tt10872600/
193,Blade Runner,1982-06-25,8.1,863276,Ridley Scott,"Hampton Fancher, David Webb Peoples, Philip K. Dick","Harrison Ford, Rutger Hauer, Sean Young","Action, Drama, Sci-Fi",117,https://www.imdb.com/title/tt0083658/
194,Salinui chueok,2003-05-02,8.1,250555,Bong Joon Ho,"Bong Joon Ho, Kwang-rim Kim, Sung-bo Shim","Song Kang-ho, Kim Sang-kyung, Kim Roe-ha","Crime, Drama, Mystery",132,https://www.imdb.com/title/tt0353969/
195,Gone Girl,2014-10-03,8.1,1136885,David Fincher,Gillian Flynn,"Ben Affleck, Rosamund Pike, Neil Patrick Harris","Drama, Mystery, Thriller",149,https://www.imdb.com/title/tt2267998/
196,Ratatouille,2007-06-29,8.1,905059,"Brad Bird, Jan Pinkava","Brad Bird, Jan Pinkava, Jim Capobianco","Brad Garrett, Lou Romano, Patton Oswalt","Animation, Adventure, Comedy",111,https://www.imdb.com/title/tt0382932/
197,How to Train Your Dragon,2010-03-26,8.1,865711,"Dean DeBlois, Chris Sanders","William Davies, Dean DeBlois, Chris Sanders","Jay Baruchel, Gerard Butler, Christopher Mintz-Plasse","Animation, Action, Adventure",98,https://www.imdb.com/title/tt0892769/
198,"Monsters, Inc.",2001-11-02,8.1,1043390,"Pete Docter, David Silverman, Lee Unkrich","Pete Docter, Jill Culton, Jeff Pidgeon","Billy Crystal, John Goodman, Mary Gibbs","Animation, Adventure, Comedy",92,https://www.imdb.com/title/tt0198781/
199,Jaws,1975-06-20,8.1,715336,Steven Spielberg,"Peter Benchley, Carl Gottlieb","Roy Scheider, Robert Shaw, Richard Dreyfuss","Adventure, Horror, Thriller",124,https://www.imdb.com/title/tt0073195/
200,In the Name of the Father,1994-02-25,8.1,198514,Jim Sheridan,"Gerry Conlon, Terry George, Jim Sheridan","Daniel Day-Lewis, Pete Postlethwaite, Alison Crosbie","Biography, Crime, Drama",133,https://www.imdb.com/title/tt0107207/
201,Relatos salvajes,2014-08-21,8.1,232162,Damián Szifron,"Julian Loyola, Damián Szifron, Germán Servidio","Darío Grandinetti, María Marull, Mónica Villa","Comedy, Drama, Thriller",122,https://www.imdb.com/title/tt3011894/
202,The Gold Rush,1925-08-16,8.1,125762,Charles Chaplin,Charles Chaplin,"Charles Chaplin, Mack Swain, Tom Murray","Adventure, Comedy, Drama",95,https://www.imdb.com/title/tt0015864/
203,Ford v Ferrari,2019-11-15,8.1,541226,James Mangold,"Jez Butterworth, John-Henry Butterworth, Jason Keller","Matt Damon, Christian Bale, Jon Bernthal","Action, Biography, Drama",152,https://www.imdb.com/title/tt1950186/
204,Sherlock Jr.,1924-05-11,8.1,63439,Buster Keaton,"Jean C. Havez, Joseph A. Mitchell, Clyde Bruckman","Buster Keaton, Kathryn McGuire, Joe Keaton","Action, Comedy, Romance",PT45M,https://www.imdb.com/title/tt0015324/
205,Mary and Max.,2009-04-09,8.1,198356,Adam Elliot,Adam Elliot,"Toni Collette, Philip Seymour Hoffman, Eric Bana","Animation, Comedy, Drama",92,https://www.imdb.com/title/tt0978762/
206,The Deer Hunter,1979-02-23,8.1,379475,Michael Cimino,"Michael Cimino, Deric Washburn, Louis Garfinkle","Robert De Niro, Christopher Walken, John Cazale","Drama, War",183,https://www.imdb.com/title/tt0077416/
207,Le salaire de la peur,1955-02-16,8.1,71672,Henri-Georges Clouzot,"Georges Arnaud, Henri-Georges Clouzot, Jérôme Géronimi","Yves Montand, Charles Vanel, Peter van Eyck","Adventure, Drama, Thriller",156,https://www.imdb.com/title/tt0046268/
208,The General,1927-01-02,8.1,103998,"Clyde Bruckman, Buster Keaton","Buster Keaton, Clyde Bruckman, Al Boasberg","Buster Keaton, Marion Mack, Glen Cavender","Action, Adventure, Comedy",78,https://www.imdb.com/title/tt0017925/
209,Mr. Smith Goes to Washington,1939-10-19,8.1,127324,Frank Capra,"Sidney Buchman, Lewis R. Foster, Myles Connolly","James Stewart, Jean Arthur, Claude Rains","Comedy, Drama",129,https://www.imdb.com/title/tt0031679/
210,Logan,2017-03-03,8.1,902938,James Mangold,"James Mangold, Scott Frank, Michael Green","Hugh Jackman, Patrick Stewart, Dafne Keen","Action, Drama, Sci-Fi",137,https://www.imdb.com/title/tt3315342/
211,On the Waterfront,1954-06-22,8.1,174504,Elia Kazan,"Budd Schulberg, Malcolm Johnson, Robert Siodmak","Marlon Brando, Karl Malden, Lee J. Cobb","Crime, Drama, Thriller",108,https://www.imdb.com/title/tt0047296/
212,Rocky,1976-12-03,8.1,670056,John G. Avildsen,Sylvester Stallone,"Sylvester Stallone, Talia Shire, Burt Young","Drama, Sport",120,https://www.imdb.com/title/tt0075148/
213,Smultronstället,1959-06-22,8.1,122000,Ingmar Bergman,Ingmar Bergman,"Victor Sjöström, Bibi Andersson, Ingrid Thulin","Drama, Romance",92,https://www.imdb.com/title/tt0050986/
214,Tôkyô monogatari,1972-03-13,8.1,75399,Yasujirô Ozu,"Kôgo Noda, Yasujirô Ozu","Chishû Ryû, Chieko Higashiyama, Sô Yamamura",Drama,137,https://www.imdb.com/title/tt0046438/
215,The Third Man,1950-02-01,8.1,191625,Carol Reed,"Graham Greene, Orson Welles, Alexander Korda","Orson Welles, Joseph Cotten, Alida Valli","Drama, Film-Noir, Mystery",104,https://www.imdb.com/title/tt0041959/
216,Spotlight,2015-11-20,8.1,524427,Tom McCarthy,"Josh Singer, Tom McCarthy","Mark Ruffalo, Michael Keaton, Rachel McAdams","Biography, Crime, Drama",129,https://www.imdb.com/title/tt1895587/
217,Maharaja,2024-06-13,8.4,74027,Nithilan Saminathan,Nithilan Saminathan,"Vijay Sethupathi, Anurag Kashyap, Mamta Mohandas","Action, Crime, Drama",141,https://www.imdb.com/title/tt26548265/
218,Pirates of the Caribbean: The Curse of the Black Pearl,2003-07-09,8.1,1285525,Gore Verbinski,"Ted Elliott, Terry Rossio, Stuart Beattie","Johnny Depp, Geoffrey Rush, Orlando Bloom","Action, Adventure, Fantasy",143,https://www.imdb.com/title/tt0325980/
219,The Terminator,1984-10-26,8.1,977220,James Cameron,"James Cameron, Gale Anne Hurd, William Wisher","Arnold Schwarzenegger, Linda Hamilton, Michael Biehn","Action, Adventure, Sci-Fi",107,https://www.imdb.com/title/tt0088247/
220,The Big Lebowski,1998-03-06,8.1,899533,"Joel Coen, Ethan Coen","Ethan Coen, Joel Coen","Jeff Bridges, John Goodman, Julianne Moore","Comedy, Crime",117,https://www.imdb.com/title/tt0118715/
221,La haine,1996-02-23,8.1,216583,Mathieu Kassovitz,Mathieu Kassovitz,"Vincent Cassel, Hubert Koundé, Saïd Taghmaoui","Crime, Drama",98,https://www.imdb.com/title/tt0113247/
222,Jai Bhim,2021-11-02,8.6,229169,T.J. Gnanavel,"T.J. Gnanavel, Rajendra Sapre","Suriya, Lijo Mol Jose, Manikandan K.","Crime, Drama",164,https://www.imdb.com/title/tt15097216/
223,Det sjunde inseglet,1958-10-13,8.1,211416,Ingmar Bergman,Ingmar Bergman,"Max von Sydow, Gunnar Björnstrand, Bengt Ekerot","Drama, Fantasy",96,https://www.imdb.com/title/tt0050976/
224,Room,2016-01-22,8.1,472289,Lenny Abrahamson,Emma Donoghue,"Brie Larson, Jacob Tremblay, Sean Bridgers","Drama, Thriller",118,https://www.imdb.com/title/tt3170832/
225,Hotel Rwanda,2005-02-04,8.1,386662,Terry George,"Keir Pearson, Terry George","Don Cheadle, Sophie Okonedo, Joaquin Phoenix","Biography, Drama, History",121,https://www.imdb.com/title/tt0395169/
226,Platoon,1987-02-06,8.1,461563,Oliver Stone,Oliver Stone,"Charlie Sheen, Tom Berenger, Willem Dafoe","Drama, War",120,https://www.imdb.com/title/tt0091763/
227,The Best Years of Our Lives,1947-05-29,8.1,75734,William Wyler,"Robert E. Sherwood, MacKinlay Kantor","Myrna Loy, Dana Andrews, Fredric March","Drama, Romance, War",170,https://www.imdb.com/title/tt0036868/
228,Before Sunset,2004-07-30,8.1,306605,Richard Linklater,"Richard Linklater, Julie Delpy, Ethan Hawke","Ethan Hawke, Julie Delpy, Vernon Dobtcheff","Drama, Romance",80,https://www.imdb.com/title/tt0381681/
229,The Sound of Music,1965-04-01,8.1,281306,Robert Wise,"Georg Hurdalek, Howard Lindsay, Russel Crouse","Julie Andrews, Christopher Plummer, Eleanor Parker","Biography, Drama, Family",172,https://www.imdb.com/title/tt0059742/
230,The Exorcist,1973-12-26,8.1,484803,William Friedkin,William Peter Blatty,"Ellen Burstyn, Max von Sydow, Linda Blair",Horror,122,https://www.imdb.com/title/tt0070047/
231,The Incredibles,2004-11-05,8.0,871160,Brad Bird,Brad Bird,"Craig T. Nelson, Samuel L. Jackson, Holly Hunter","Animation, Action, Adventure",115,https://www.imdb.com/title/tt0317705/
232,Hachi: A Dog&apos;s Tale,2010-03-12,8.1,333165,Lasse Hallström,"Stephen P. Lindsey, Kaneto Shindô","Richard Gere, Joan Allen, Cary-Hiroyuki Tagawa","Biography, Drama, Family",93,https://www.imdb.com/title/tt1028532/
233,Rush,2013-09-27,8.1,544557,Ron Howard,Peter Morgan,"Daniel Brühl, Chris Hemsworth, Olivia Wilde","Biography, Drama, Sport",123,https://www.imdb.com/title/tt1979320/
234,The Wizard of Oz,1939-08-25,8.1,455970,"Victor Fleming, George Cukor, Norman Taurog","Noel Langley, Florence Ryerson, Edgar Allan Woolf","Judy Garland, Frank Morgan, Ray Bolger","Adventure, Family, Fantasy",102,https://www.imdb.com/title/tt0032138/
235,Koe no katachi,2016-09-17,8.1,127707,Naoko Yamada,"Yoshitoki Ôima, Reiko Yoshida","Miyu Irino, Saori Hayami, Aoi Yûki","Animation, Drama",130,https://www.imdb.com/title/tt5323662/
236,La passion de Jeanne d&apos;Arc,1928-10-25,8.1,66259,Carl Theodor Dreyer,"Joseph Delteil, Carl Theodor Dreyer","Maria Falconetti, Eugene Silvain, André Berley","Biography, Drama, History",114,https://www.imdb.com/title/tt0019254/
237,Stand by Me,1986-08-22,8.1,471583,Rob Reiner,"Stephen King, Raynold Gideon, Bruce A. Evans","Wil Wheaton, River Phoenix, Corey Feldman","Adventure, Comedy, Drama",89,https://www.imdb.com/title/tt0092005/
238,The Iron Giant,1999-08-06,8.1,250247,Brad Bird,"Tim McCanlies, Brad Bird, Ted Hughes","Eli Marienthal, Harry Connick Jr., Jennifer Aniston","Animation, Action, Adventure",86,https://www.imdb.com/title/tt0129167/
239,Babam ve Oglum,2005-11-18,8.2,98610,Çagan Irmak,Çagan Irmak,"Çetin Tekindor, Fikret Kuskan, Hümeyra","Drama, Family",112,https://www.imdb.com/title/tt0476735/
240,Ah-ga-ssi,2017-09-02,8.1,193119,Park Chan-wook,"Sarah Waters, Chung Seo-kyung, Park Chan-wook","Kim Min-hee, Ha Jung-woo, Cho Jin-woong","Drama, Romance, Thriller",145,https://www.imdb.com/title/tt4016934/
241,Network,1976-11-27,8.1,181998,Sidney Lumet,Paddy Chayefsky,"Faye Dunaway, William Holden, Peter Finch",Drama,121,https://www.imdb.com/title/tt0074958/
242,La battaglia di Algeri,1967-09-20,8.1,72651,Gillo Pontecorvo,"Franco Solinas, Gillo Pontecorvo","Brahim Hadjadj, Jean Martin, Yacef Saadi","Drama, War",121,https://www.imdb.com/title/tt0058946/
243,The Grapes of Wrath,1940-03-15,8.1,106377,John Ford,"Nunnally Johnson, John Steinbeck","Henry Fonda, Jane Darwell, John Carradine",Drama,129,https://www.imdb.com/title/tt0032551/
244,To Be or Not to Be,1942-03-06,8.1,48081,Ernst Lubitsch,"Melchior Lengyel, Edwin Justus Mayer, Ernst Lubitsch","Carole Lombard, Jack Benny, Robert Stack","Comedy, Romance, War",99,https://www.imdb.com/title/tt0035446/
245,Gangs of Wasseypur,2012-06-22,8.2,110051,Anurag Kashyap,"Akhilesh Jaiswal, Anurag Kashyap, Sachin K. Ladia","Manoj Bajpayee, Nawazuddin Siddiqui, Tigmanshu Dhulia","Action, Comedy, Crime",321,https://www.imdb.com/title/tt1954470/
246,Gekijô-ban Kimetsu no Yaiba Mugen Ressha-hen,2021-04-23,8.2,89714,Haruo Sotozaki,Koyoharu Gotouge,"Natsuki Hanae, Akari Kitô, Yoshitsugu Matsuoka","Animation, Action, Adventure",117,https://www.imdb.com/title/tt11032374/
247,Into the Wild,2007-10-19,8.0,685526,Sean Penn,"Sean Penn, Jon Krakauer","Emile Hirsch, Vince Vaughn, Catherine Keener","Adventure, Biography, Drama",148,https://www.imdb.com/title/tt0758758/
248,The Help,2011-08-10,8.1,518793,Tate Taylor,"Tate Taylor, Kathryn Stockett","Viola Davis, Emma Stone, Octavia Spencer",Drama,146,https://www.imdb.com/title/tt1454029/
249,Groundhog Day,1993-02-12,8.0,725347,Harold Ramis,"Danny Rubin, Harold Ramis","Bill Murray, Andie MacDowell, Chris Elliott","Comedy, Drama, Fantasy",101,https://www.imdb.com/title/tt0107048/
250,Drishyam,2015-07-31,8.2,103885,Nishikant Kamat,"Jeethu Joseph, Upendra Sidhaye","Ajay Devgn, Shriya Saran, Tabu","Crime, Drama, Mystery",163,https://www.imdb.com/title/tt4430212/
